Specification,Coefficient,SE,N
Main DiD,-0.040104413874010356,6.744050172242098e-4,330690
Event Study (2024),-0.0421,0.0103,330690
Placebo (2023),-0.020657331348979496,4.2679328155290286e-4,330690
Pre-trends,-2.5380231677025566e-4,2e-4,264552
