Outcome,Mean pre-coef,Max abs pre-coef,Any signif at 5%
Total accidents,-1.92251421258327,5.29183865904315,TRUE
Severe accidents,0.0792051739637054,0.597409140506432,TRUE
