Variable,N,Mean,SD,P25,Median,P75
Application Granted,640845,0.690170009908792,0.462423724535207,0,1,1
Examiner Grant Rate (LOO),640845,0.690170009908798,0.203781919019656,0.571428571428571,0.734939759036145,0.847619047619048
Number of Claims,640845,11.2633944245488,12.1167860198953,0,9,18
Backward Citations,640845,10.6149037598795,30.6531126227789,0,4,10
Follow-on Y02 Patents (3yr),640845,8196.93710179529,5793.78504134266,4519,6797,9684
Follow-on Y02 Patents (5yr),640845,15426.461880798,10998.2669712827,8450,11822,18213
Follow-on Y02 Patents (10yr),640845,40729.511075221,25828.7564780803,21071,32220,54752
Forward Citations,640845,7.51314124320234,29.0183624897496,0,1,6
