fake_year,coefficient,std_error,p_value
2015,-0.004742680921261821,0.024096566672880963,0.8440766388533532
2016,0.0030996379532644155,0.02020087180484171,0.8781343207206179
