Variable,Mean,SD,Min,Max
AI Industry Exposure (AIIE),-0.0795793057215717,0.605930718534189,-1.24361736423305,1.1262892481574
N Industries,25,,,
