seniority,Mean,SD,Min,Max,N_Years
Senior,0.305808583282488,0.0186723006725458,0.282919786126994,0.332865865887952,10
Entry-Level,0.483160438126203,0.0191435236033695,0.457014582106018,0.504470239437612,10
Mid-Level,0.211030978591308,0.00248648639641188,0.208190817286236,0.215394153816799,10
