estimator,att,se
CS_country,-0.00748924571911786,0.00472584692360015
