cutoff,cutoff_value,n,t_stat,p_value,manipulation
A,70,150101,0.35434113008669654,0.723083247342817,NO
B,110,121356,-1.6904430665421082,0.0909432217212834,NO
C,180,114715,0.12624176765489342,0.8995405500130407,NO
D,250,134103,1.3721482850894926,0.17001728067491875,NO
E,330,156597,-2.798048352122914,0.005141241562009608,YES
F,420,164832,-1.5934935366773986,0.11104951712750025,NO
