period,n_effective,estimate,se_bc,pval,bandwidth
pre_ban,17929,-0.06281090380630694,0.032844707899618464,0.022542242247959653,7.0938328130618435
