binding,n_effective,estimate,se_bc,pval,bandwidth
energy,31864,-0.05103246320173227,0.025967520439387208,0.02335729745796072,12.767361554238619
