test,estimate,se_bc,pval
volume_gf,229.21491469706575,462.00621140821636,0.4587235078987442
