actual_coef,ri_pval,ri_mean,ri_sd
0.0385864590139176,0.04,0.0017210026309174,0.0191830022896382
