model,coef,se,n_obs,n_communes,pval,stars
Volume (TWFE),-0.0341116150086281,0.00565130651122975,638020,31901,1.57924314869882e-09,***
Volume (Dep x Qtr),-0.0274675300376495,0.00692292753150394,638020,31901,7.25946521940543e-05,***
Price/m2 (TWFE),0.0250477744126678,0.00523929709058115,450015,31901,1.74641627125577e-06,***
Price/m2 (Dep x Qtr),0.0162088480210515,0.00565856768148833,450015,31901,0.00417695913222285,***
Total Price (TWFE),0.0251788057319792,0.00633947683988768,450019,31901,7.13471121502809e-05,***
Apt Share,5.86556711932099e-05,0.00245101794576419,450019,31901,0.980907529538359,""
Surface,-0.0959691929104309,0.34890313615099,450015,31901,0.783270370401705,""
Rooms,0.00301919991427207,0.0111610362442134,450015,31901,0.786765994968173,""
