donut_m,coef,se,n_eff
50,0.269502238062815,0.056543595805515,40445
100,0.0141960549446347,0.0145731103377551,142798
