Outcome,Estimate,SE,SD(Y),SDE,SE(SDE),Classification,Panel
Electricity hours/week,-26.670892577223576,8.925332273607141,19.377247071355164,-1.376402565287533,0.46060889045488856,Large negative,A: Pooled
Employment (binary),0.06094277169301124,0.04992453096978912,0.4896155299681258,0.1244706672130654,0.10196680438841314,Moderate positive,A: Pooled
Study hours for children,-15.884865272471302,5.35501025097441,13.277434987355765,-1.1963805725728367,0.4033166237359882,Large negative,A: Pooled
Urban areas,-32.18,3.1,19.377247071355164,-1.6607106201154231,0.159981445691666,Large negative,B: Heterogeneous
Rural areas,-28.08,3.05,19.377247071355164,-1.4491222564587034,0.1574010997934133,Large negative,B: Heterogeneous
